{
    "version": 3,
    "configurePresets": [
        {
            "name": "clang",
            "generator": "Ninja",
            "cacheVariables": {
                "CMAKE_BUILD_TYPE": "Debug",
                "CMAKE_EXPORT_COMPILE_COMMANDS": "ON"
            }
        },
        {
            "name": "gcc",
            "generator": "Ninja",
            "cacheVariables": {
                "CMAKE_BUILD_TYPE": "Debug",
                "CMAKE_EXPORT_COMPILE_COMMANDS": "ON"
            }
        }
    ]
}